<?xml version="1.0" encoding="UTF-8"?>
<sk:systemKeys xmlns:sk="http://pingidentity.com/2018/01/system-keys">
    <sk:currentKey>
        <sk:key>eyJhbGciOiJkaXIiLCJlbmMiOiJBMTI4Q0JDLUhTMjU2Iiwia2lkIjoiZG5NZXNmQTg5WiIsInZlcnNpb24iOiIxMC4yLjIuMCIsInppcCI6IkRFRiJ9..IQDG8Mg2vqnciEP5Bj7KbQ.xm4zyn9FoG1zedOseqpXom54JTCyYYaPJozy793aO6hgstVgMOoqQOIAzuiGhH2C.1fAv_4Cbsj5gp9WNhuuT1g</sk:key>
        <sk:generatedTime>2021-04-20T18:39:31.133Z</sk:generatedTime>
    </sk:currentKey>
    <sk:previousKey xsi:nil="true" xmlns:xsi="http://www.w3.org/2001/XMLSchema-instance"/>
    <sk:pendingKey>
        <sk:key>eyJhbGciOiJkaXIiLCJlbmMiOiJBMTI4Q0JDLUhTMjU2Iiwia2lkIjoiZG5NZXNmQTg5WiIsInZlcnNpb24iOiIxMC4yLjIuMCIsInppcCI6IkRFRiJ9..Y8vbaPOF48Yv7r5QduA3YA.qRCYCl7iCGrMqoG9AdzIKfVRrpDIRoMgU7t8pty6Hiz9Ow2Qo37PD5VNQuPjexPm.m6GgekHR0v_UCevc2hz3mQ</sk:key>
        <sk:generatedTime>2021-04-20T18:39:31.134Z</sk:generatedTime>
    </sk:pendingKey>
</sk:systemKeys>