<?xml version="1.0" encoding="UTF-8"?>
<urn:PluginConfiguration isInheritExtendedContractAttributes="false" name="simple" xmlns:urn="urn:sourceid.org:saml2:adapter:conf">
    <urn:Fields/>
    <urn:AdvancedFields/>
    <urn:Tables>
        <urn:Table name="Users">
            <urn:Row defaultRow="false">
                <urn:Field name="Username">joe</urn:Field>
                <urn:Field name="Password">BLNH7bkOGN2jRLASL_eyqEc2gYkLoPkbQwzWuSpcbyE.oBY_h_aY.2</urn:Field>
                <urn:Field name="Confirm Password">dUwLs4ALAq8X_4dEYq5qPbJ-7M7Vwcn1p59PWnn7Obc.9YvO9Vwh.2</urn:Field>
                <urn:Field name="Relax Password Requirements">true</urn:Field>
            </urn:Row>
        </urn:Table>
    </urn:Tables>
</urn:PluginConfiguration>